timestamp,joint_1,joint_2,joint_3,joint_4,joint_5
2.384185791015625e-07,473,822,-1,441,504
0.025824546813964844,473,822,-2,441,504
0.0518796443939209,473,822,-1,441,504
0.07761478424072266,473,822,-2,441,504
0.10404419898986816,473,822,-1,441,504
0.12961769104003906,473,822,-2,441,504
0.15599632263183594,473,822,-1,441,504
0.18203425407409668,473,822,-2,441,504
0.20808887481689453,473,821,-1,441,504
0.23386883735656738,473,822,-4,441,504
0.2602355480194092,473,822,-2,441,504
0.2859964370727539,473,822,-1,441,504
0.3122127056121826,473,822,-2,441,504
0.3381080627441406,473,822,-1,441,504
0.3638937473297119,473,822,-2,441,504
0.39023780822753906,473,822,-2,441,504
0.41615986824035645,473,821,-2,441,504
0.44217872619628906,473,822,-2,441,504
0.46817636489868164,473,822,-2,441,504
0.49379515647888184,473,822,-1,441,504
0.5199911594390869,473,822,-2,441,504
0.5461900234222412,473,822,-2,441,504
0.5720071792602539,473,822,-1,441,504
0.5981106758117676,473,822,-3,441,504
0.6241016387939453,473,822,0,441,504
0.6500799655914307,473,822,-2,441,504
0.6760940551757812,473,822,-1,441,504
0.7019798755645752,473,821,-2,441,504
0.7280128002166748,473,822,-2,441,504
0.7540767192840576,473,821,-2,441,504
0.7800450325012207,473,822,-1,441,504
0.8059921264648438,473,821,-1,441,504
0.8320827484130859,473,821,-1,441,504
0.8575358390808105,473,821,-2,441,504
0.8834927082061768,473,822,-1,441,504
0.9096131324768066,473,822,-2,441,504
0.9359681606292725,473,822,-3,441,504
0.9620301723480225,473,822,-1,441,504
0.9881038665771484,473,822,-2,441,504
1.013831615447998,473,822,-1,441,504
1.0401315689086914,473,822,-2,441,504
1.0662388801574707,473,822,-2,441,504
1.0922081470489502,473,822,-3,441,504
1.120286464691162,473,822,-3,441,504
1.146162509918213,473,822,-3,441,504
1.1722238063812256,473,822,-2,441,504
1.2003788948059082,473,822,-2,441,504
1.2263078689575195,473,822,-2,441,504
1.2523207664489746,473,821,-1,441,504
1.2783570289611816,473,822,-3,441,504
1.304602861404419,473,822,-3,441,504
1.3301684856414795,473,822,-2,441,504
1.3565235137939453,473,822,-2,441,504
1.382561445236206,472,822,-2,441,504
1.408484697341919,472,822,-2,441,504
1.434669017791748,472,822,-1,441,504
1.4609553813934326,472,822,-1,441,504
1.4867768287658691,472,822,-1,441,504
1.512338399887085,472,822,-3,441,504
1.538635492324829,472,822,-1,441,504
1.5643222332000732,473,822,-2,441,504
1.590625524520874,472,822,-1,441,504
1.6164231300354004,472,822,-2,441,504
1.6426005363464355,472,821,-1,441,504
1.6683013439178467,472,822,-2,441,504
1.6945319175720215,472,819,-1,441,504
1.7204890251159668,472,818,-2,441,504
1.74647855758667,472,819,-2,441,504
1.7721760272979736,472,815,-1,441,504
1.798398733139038,472,814,-2,441,504
1.824538230895996,472,814,-3,441,504
1.8525972366333008,473,816,-2,441,504
1.8785710334777832,474,817,-2,441,504
1.9045131206512451,474,815,-2,441,504
1.9303419589996338,474,814,-1,441,504
1.9562768936157227,475,814,-2,441,504
1.981980323791504,474,814,-3,441,504
2.008157253265381,474,814,-2,441,504
2.0338423252105713,474,814,-2,441,504
2.060204267501831,475,815,-2,441,504
2.0861706733703613,474,814,-3,441,504
2.112133264541626,475,814,-2,441,504
2.1379737854003906,475,814,-2,441,504
2.1643073558807373,475,814,-1,441,504
2.190506935119629,475,816,-2,441,504
2.2164177894592285,475,815,-2,441,504
2.2425436973571777,475,815,-2,441,504
2.268472909927368,476,816,-2,441,504
2.2943649291992188,475,817,-2,441,504
2.3203985691070557,475,818,-2,441,504
2.3463780879974365,474,819,-2,441,504
2.3724825382232666,474,822,-3,441,504
2.398378610610962,473,822,-2,441,504
2.424473762512207,473,823,-1,441,504
2.45046329498291,472,822,-2,441,504
2.47643780708313,472,822,-1,441,504
2.502392053604126,472,823,-2,441,504
2.528404474258423,472,820,-2,441,504
2.554485559463501,472,818,-1,441,504
2.580432891845703,472,819,-2,441,504
2.606287717819214,472,818,-2,441,504
2.632488489151001,472,818,-2,440,504
2.6584863662719727,472,819,-2,441,504
2.684114694595337,472,820,-3,441,504
2.7105135917663574,472,819,-1,441,504
2.736748456954956,472,819,-3,441,504
2.7627222537994385,472,821,-2,441,504
2.7887144088745117,472,822,-2,441,504
2.8148374557495117,472,823,-2,441,504
2.8405983448028564,472,823,-2,441,504
2.866838216781616,472,822,-3,441,504
2.8927536010742188,472,823,-3,441,504
2.918297529220581,472,823,-4,441,504
2.944157361984253,472,823,-3,441,504
2.9705498218536377,472,823,-3,441,504
2.996520519256592,472,823,-2,441,504
3.0225071907043457,472,823,-2,441,504
3.0487020015716553,472,823,-2,441,504
3.0746009349823,472,824,-3,441,504
3.100680112838745,472,824,-2,441,504
3.1266870498657227,472,823,-2,441,504
3.152669668197632,472,824,-2,441,504
3.178971767425537,472,823,-2,441,504
3.2050600051879883,472,824,-3,441,504
3.2309274673461914,472,824,-3,441,504
3.257150411605835,472,823,-3,441,504
3.2831878662109375,472,822,-2,441,504
3.309750556945801,472,823,-1,441,504
3.3357744216918945,472,822,-2,441,504
3.361516237258911,472,823,-3,441,504
3.387889862060547,472,823,-1,441,504
3.4138290882110596,472,823,-1,441,504
3.4396121501922607,472,824,-2,441,504
3.465672254562378,472,824,-2,441,504
3.4917595386505127,472,824,-1,441,504
3.5177581310272217,472,823,-2,441,504
3.543729305267334,472,823,-2,441,504
3.569877862930298,472,823,-2,441,504
3.595942258834839,472,823,-1,441,504
3.6218783855438232,472,823,-2,441,504
3.647843837738037,472,823,-3,441,504
3.673801898956299,472,823,-1,441,504
3.699876308441162,472,823,-2,441,504
3.7262485027313232,472,823,-2,441,504
3.752319574356079,472,823,-2,441,504
3.7792742252349854,472,823,-1,441,504
3.8053972721099854,472,823,-2,441,504
3.831120491027832,472,823,-2,441,504
3.8574376106262207,472,823,-2,441,504
3.8832790851593018,472,823,-1,441,504
3.9093716144561768,472,823,-2,441,504
3.93605375289917,472,823,-2,441,504
3.962059497833252,472,823,-1,441,504
3.988290786743164,472,823,-2,441,504
4.014199256896973,472,823,-2,441,504
4.040215969085693,472,824,-2,441,504
4.066119909286499,472,823,-1,441,504
4.092274188995361,472,823,-2,441,504
4.118314266204834,472,824,-2,441,504
4.143913984298706,472,824,-1,441,504
4.170222997665405,472,824,-2,441,504
4.195899724960327,472,824,-3,441,504
4.22215723991394,472,824,-3,441,504
4.248257637023926,472,823,-3,441,504
4.274226903915405,472,824,-1,441,504
4.300130128860474,472,823,-3,441,504
4.326462507247925,472,823,-2,441,504
4.352232933044434,472,823,-2,441,504
4.378229856491089,472,822,-2,441,504
4.404407978057861,472,823,-1,441,504
4.430344343185425,472,824,-2,441,504
4.456271409988403,472,822,-1,441,504
4.482361793518066,472,822,-3,441,504
4.508296966552734,472,823,-2,441,504
4.534443378448486,472,823,-2,441,504
4.560023069381714,472,822,-2,441,504
4.586416482925415,472,823,-3,441,504
4.61258339881897,472,823,-1,441,504
4.638357400894165,472,823,-1,441,504
4.664454936981201,472,823,-3,441,504
4.690325975418091,472,823,-2,441,504
4.7162322998046875,472,823,-1,441,504
4.742331504821777,472,823,-1,441,504
4.768219709396362,472,823,-2,441,504
4.7942214012146,472,823,-3,441,504
4.820098876953125,472,823,-1,441,504
4.846206426620483,472,823,-2,441,504
4.872003555297852,472,823,-2,441,504
4.898153305053711,472,823,-2,441,504
4.924222707748413,472,824,-3,441,504
4.950148820877075,472,823,-1,441,504
4.976097345352173,472,824,-1,441,504
5.002104043960571,472,823,-2,441,504
5.027756690979004,472,823,1,441,504
5.054116725921631,472,823,-2,441,504
5.080113887786865,472,824,-3,441,504
5.106066942214966,472,822,-2,441,504
5.132215738296509,472,823,-2,441,504
5.158252716064453,472,824,-2,441,504
5.1843249797821045,472,823,-2,441,504
5.2103540897369385,472,823,-2,441,504
5.236388921737671,472,823,-1,441,504
5.262210369110107,472,823,-2,441,504
5.288142442703247,472,824,-2,441,504
5.314090013504028,472,823,-2,441,504
5.340304851531982,472,823,-2,441,504
5.3663434982299805,472,823,-2,441,504
5.392301559448242,472,824,-2,441,504
5.418294906616211,472,824,-2,441,504
5.4442784786224365,472,823,-2,441,504
5.470154523849487,472,823,-1,441,504
5.496218204498291,472,824,-1,441,504
5.522420644760132,472,823,-2,441,504
5.547744512557983,472,823,-3,441,504
5.574155807495117,472,823,-2,441,504
5.600188493728638,472,823,-3,441,504
5.625946283340454,472,823,-2,441,504
5.6520586013793945,472,823,-3,441,504
5.678309917449951,472,823,-2,441,504
5.7042810916900635,472,823,-1,441,504
5.729982137680054,472,823,-2,441,504
5.7562642097473145,472,823,-2,441,504
5.783397436141968,472,823,-6,441,504
5.809265375137329,472,823,1,441,504
5.835346221923828,472,823,-1,441,504
5.8610193729400635,472,823,-4,441,504
5.887194633483887,472,823,-3,441,504
5.913130760192871,472,823,-2,441,504
5.939200162887573,472,823,-1,441,504
5.965143203735352,472,823,-2,441,504
5.991016626358032,472,823,-1,441,504
6.017128944396973,472,823,-3,441,504
6.0430028438568115,472,823,-2,441,504
6.071235656738281,472,823,-2,441,504
6.097191333770752,472,823,-1,441,504
6.123131990432739,472,823,-2,441,504
6.149136543273926,472,823,-3,441,504
6.175057888031006,472,823,-3,441,504
6.201245546340942,472,823,-2,441,504
6.227170467376709,0,823,-3,441,504
6.257297515869141,472,822,-2,441,504
6.283106327056885,472,823,-3,441,504
6.309409141540527,472,823,-2,441,504
6.335480213165283,472,823,-3,441,504
6.36142110824585,472,823,-2,441,504
6.387599468231201,472,823,-2,441,504
6.4135823249816895,472,823,-2,441,504
6.43922758102417,472,823,-2,441,504
6.465359210968018,472,823,-3,441,504
6.491458892822266,472,824,-2,441,504
6.517578363418579,472,823,-3,441,504
6.54353141784668,472,823,-2,441,504
6.569636821746826,472,824,-3,441,504
6.595385551452637,472,823,-3,441,504
6.621713399887085,472,823,-2,441,504
6.647778749465942,472,823,-2,441,504
6.673765420913696,472,824,-3,441,504
6.700081825256348,472,823,-2,441,504
6.7260754108428955,472,823,-2,441,504
6.752189636230469,472,823,-1,441,504
6.778556823730469,472,823,-2,441,504
6.8045125007629395,472,823,-2,441,504
6.830997943878174,472,823,-2,441,504
6.856977462768555,472,823,-1,441,504
6.883032560348511,472,823,-1,441,504
6.909050941467285,472,824,-2,441,504
6.935239315032959,472,823,-2,441,504
6.9611852169036865,472,824,-2,441,504
6.987473011016846,472,824,-1,441,504
7.013200283050537,472,823,-1,441,504
7.038973808288574,472,823,-2,441,504
7.065025568008423,472,824,-1,441,504
7.091399908065796,472,823,-2,441,504
7.117203235626221,472,823,-1,441,504
7.143529176712036,472,823,-2,441,504
7.169443368911743,472,823,-1,441,504
7.195504665374756,472,823,-2,441,504
7.221621513366699,472,823,-2,441,504
7.247528791427612,472,823,-3,441,504
7.273830413818359,472,823,-1,441,504
7.299683570861816,472,823,-2,441,504
7.325805425643921,472,823,-1,441,504
7.35181736946106,472,823,-3,441,504
7.377965211868286,472,823,-2,441,504
7.40389347076416,472,822,-2,441,504
7.43002724647522,472,822,-1,441,504
7.456231117248535,472,823,-1,441,504
7.4822211265563965,472,823,-1,441,504
7.508350372314453,472,823,-2,441,504
7.534613847732544,472,823,-1,441,504
7.560654878616333,472,823,-2,441,504
7.586661338806152,472,823,-3,441,504
7.613187074661255,472,823,-1,441,504
7.638968229293823,472,823,-2,441,504
7.665194034576416,472,823,-1,441,504
7.691150665283203,472,823,-3,441,504
7.7171995639801025,472,823,-2,441,504
7.743630409240723,472,823,-3,441,504
7.770434379577637,472,823,-1,441,504
7.796541452407837,472,822,-2,441,504
7.8229382038116455,472,823,-2,441,504
7.848992586135864,472,823,-1,441,504
7.874815940856934,472,823,-2,441,504
7.900983572006226,472,823,-2,441,504
7.927006006240845,472,823,-3,441,504
7.953234434127808,472,822,-2,441,504
7.9793922901153564,472,823,-2,441,504
8.005457162857056,472,823,-2,441,504
8.031474590301514,472,823,-2,441,504
8.057480812072754,472,823,-2,441,504
8.083487272262573,472,823,-1,441,504
8.109594821929932,472,824,-2,441,504
8.135360479354858,472,823,-3,441,504
8.161399126052856,472,823,-2,441,504
8.187471866607666,472,823,-2,441,504
8.213324546813965,472,823,-2,441,504
8.239312171936035,472,824,-1,441,504
8.265022039413452,472,823,-1,441,504
8.290867805480957,472,824,-2,441,504
8.317186832427979,472,823,-2,441,504
8.343148708343506,472,823,-2,441,504
8.369115352630615,472,823,-2,441,504
8.395279884338379,472,823,-2,441,504
8.42111086845398,472,823,-2,441,504
8.447187662124634,472,824,-3,441,504
8.473288297653198,472,824,-1,441,504
8.499224662780762,472,824,-3,441,504
8.525298833847046,472,823,-1,441,504
8.551329612731934,472,823,-2,441,504
8.57753300666809,472,822,-2,441,504
8.603662490844727,472,823,-1,441,504
8.629597425460815,472,823,-2,441,504
8.65566110610962,472,823,-2,441,504
8.681661367416382,472,824,-2,441,504
8.707830905914307,472,823,-2,441,504
8.733696460723877,472,823,-2,441,504
8.759796857833862,472,823,-2,441,504
8.785675048828125,472,823,-2,441,504
8.811794996261597,472,823,-2,441,504
8.837879657745361,472,824,-3,441,504
8.863796710968018,472,823,-2,441,504
8.889751195907593,472,823,-2,441,504
8.915380239486694,472,823,-1,441,504
8.941281080245972,472,823,-1,441,504
8.96758770942688,472,824,-3,441,504
8.993643283843994,472,823,-1,441,504
9.019545555114746,472,823,-2,441,504
9.045477151870728,472,823,-2,441,504
9.07145619392395,472,824,-2,441,504
9.097606182098389,472,823,-2,441,504
9.123432397842407,472,823,-3,441,504
9.14946460723877,472,823,-2,441,504
9.175666093826294,472,824,-3,441,504
9.201472282409668,472,824,-2,441,504
9.227705001831055,472,822,-2,441,504
9.253668546676636,472,824,-3,441,504
9.279407262802124,472,824,-2,441,504
9.305537462234497,472,823,1,441,504
9.331700563430786,472,823,-2,441,504
9.357735872268677,472,824,-2,441,504
9.383501052856445,472,822,-1,441,504
9.409537553787231,472,824,-2,441,504
9.436025857925415,472,823,-1,441,504
9.461920976638794,472,823,-2,441,504
9.487562656402588,472,823,-2,441,504
9.513474941253662,472,824,-2,441,504
9.539710998535156,472,823,-2,441,504
9.565709114074707,472,823,-3,441,504
9.591882228851318,472,823,-1,441,504
9.617756843566895,472,823,-1,441,504
9.643638849258423,472,823,-2,441,504
9.66966462135315,472,823,1,441,504
9.695630311965942,472,823,-2,441,504
9.722136735916138,472,824,-1,441,504
9.748102903366089,472,823,-1,441,504
9.774087190628052,472,823,-1,441,504
9.800606489181519,472,823,-2,441,504
9.825933456420898,472,824,-2,441,504
9.851958274841309,472,823,-1,441,504
9.877988576889038,472,824,-2,441,504
9.903889179229736,472,823,-3,441,504
9.929980754852295,472,824,-2,441,504
9.95579481124878,472,823,-2,441,504
9.981741905212402,472,823,-2,441,504
10.007554531097412,472,823,-2,441,504
10.033761978149414,472,823,-2,441,504
10.059999704360962,472,823,-2,441,504
10.085798978805542,472,823,-2,441,504
10.111783504486084,472,824,-1,441,504
10.137758493423462,472,823,-4,441,504
10.163938283920288,472,823,-1,441,504
10.18977952003479,472,823,-2,441,504
10.215835571289062,472,824,-2,441,504
10.241993427276611,472,823,-2,441,504
10.267637729644775,472,824,-2,441,504
10.293898582458496,472,823,-2,441,504
10.319773197174072,472,823,-1,441,504
10.345838785171509,472,823,-2,441,504
10.371724128723145,472,823,-2,441,504
10.397703647613525,472,823,-2,441,504
10.423781156539917,472,823,-1,441,504
10.449805736541748,472,824,-2,441,504
10.4758780002594,472,823,-2,441,504
10.50195574760437,472,823,-2,441,504
10.527777433395386,472,823,-2,441,504
10.553769826889038,472,823,-1,441,504
10.579922437667847,472,823,-1,441,504
10.606028079986572,472,823,-5,441,504
10.631988286972046,472,823,-2,441,504
10.657935857772827,472,824,-2,441,504
10.684115648269653,472,823,-3,441,504
10.710144996643066,472,824,-2,441,504
10.735750436782837,472,823,-2,441,504
10.762125492095947,472,824,-2,441,504
10.789939165115356,472,823,-1,441,504
10.81623387336731,472,823,-3,441,504
10.842195510864258,472,823,-2,441,504
10.868196249008179,472,823,-2,441,504
10.894200086593628,472,823,-3,441,504
10.919856071472168,472,823,-2,441,504
10.945677280426025,472,823,-2,441,504
10.971946477890015,472,822,-2,441,504
10.998123407363892,472,823,-2,441,504
11.023767471313477,472,823,-3,441,504
11.05014944076538,472,823,-3,441,504
11.075923204421997,472,823,-2,441,504
11.102229833602905,472,824,-2,441,504
11.1280198097229,472,823,-2,441,504
11.154091596603394,472,822,-2,441,504
11.180021047592163,472,823,-4,441,504
11.205939054489136,472,823,-2,441,504
11.23216199874878,472,822,-3,441,504
11.258129835128784,472,823,-2,441,504
11.284173250198364,472,823,-2,441,504
11.31024432182312,472,823,-3,441,504
11.336228370666504,472,823,-3,441,504
11.36224102973938,472,823,-1,441,504
11.38821816444397,472,823,-2,441,504
11.414284467697144,472,823,-2,441,504
11.43989372253418,472,823,-1,441,504
11.466325759887695,472,823,-1,441,504
11.492245435714722,472,824,-2,441,504
11.518227577209473,472,824,-1,441,504
11.544353008270264,472,823,-2,441,504
11.570249080657959,472,823,-3,441,504
11.596206665039062,472,824,-2,441,504
11.622450113296509,472,823,-1,441,504
11.648347854614258,472,824,-2,441,504
11.674354553222656,472,823,-2,441,504
11.70012640953064,472,823,-2,441,504
11.726068496704102,472,823,-2,441,504
11.752287149429321,472,823,-2,441,504
11.779287576675415,472,823,-2,441,504
11.805281639099121,472,823,-3,441,504
11.831485271453857,472,823,-3,441,504
11.857808351516724,472,824,-2,441,504
11.88377833366394,472,824,-2,441,504
11.909903049468994,472,823,-1,441,504
11.935988664627075,472,823,-2,441,504
11.961791753768921,472,823,-1,441,504
11.987754344940186,472,823,-1,441,504
12.013684034347534,472,823,-2,441,504
12.039676666259766,472,823,-1,441,504
12.06557297706604,472,824,-2,441,504
12.09166932106018,472,824,-2,441,504
12.117265939712524,472,823,-2,441,504
12.143544673919678,472,824,-2,441,504
12.169595956802368,472,823,-2,441,504
12.1954984664917,472,822,-2,441,504
12.221559524536133,472,823,-2,441,504
12.247443914413452,472,824,-3,441,504
12.273399114608765,472,823,-3,441,504
12.29961371421814,472,823,-2,441,504
12.325246095657349,472,823,-3,441,504
12.351556539535522,472,823,-3,441,504
12.377449989318848,472,823,-1,441,504
12.403364419937134,472,823,-3,441,504
12.429387092590332,472,824,-2,441,504
12.455113649368286,472,823,-2,441,504
12.481306076049805,472,823,-2,441,504
12.507004499435425,472,824,-3,441,504
12.533388137817383,472,822,-2,441,504
12.55943250656128,472,823,-2,441,504
12.585489988327026,472,824,-2,441,504
12.611698865890503,472,823,-2,441,504
12.637913703918457,472,823,-2,441,504
12.664424657821655,472,823,-5,441,504
12.690428018569946,472,823,-3,441,504
12.716368913650513,472,823,-3,441,504
12.742302179336548,472,823,-2,441,504
12.768221855163574,472,823,-2,441,504
12.794116497039795,472,823,-2,441,504
12.820087194442749,472,823,-2,441,504
12.846075296401978,472,823,-2,441,504
12.872275352478027,472,823,-2,441,504
12.89819884300232,472,823,-2,441,504
12.924124240875244,472,823,-2,441,504
12.950165748596191,472,823,-2,441,504
12.975765705108643,472,823,-1,441,504
13.001869916915894,472,824,-2,441,504
13.028166770935059,472,823,-3,441,504
13.053869009017944,472,823,-2,441,504
13.079735040664673,472,823,-2,441,504
13.105800151824951,472,824,-1,441,504
13.131439685821533,472,823,-2,441,504
13.157807111740112,472,823,-2,441,504
13.183531045913696,472,824,-2,441,504
13.209678888320923,472,823,-1,441,504
13.235682964324951,472,823,-2,441,504
13.261630296707153,472,823,-2,441,504
13.287577867507935,472,824,-4,441,504
13.313688278198242,472,823,-1,441,504
13.339310884475708,472,823,-2,441,504
13.365387439727783,472,823,-2,441,504
13.391533374786377,472,823,-2,441,504
13.417425870895386,472,823,-2,441,504
13.443159580230713,472,823,-2,441,504
13.46946406364441,472,823,-2,441,504
13.495086669921875,472,823,-2,441,504
13.520912408828735,472,823,-2,441,504
13.547066688537598,472,822,-2,441,504
13.572954177856445,472,824,-1,441,504
13.599112033843994,472,823,-2,441,504
13.625104904174805,472,824,-2,441,504
13.65108060836792,472,823,-1,441,504
13.677122354507446,472,823,-3,441,504
13.703090190887451,472,823,-2,441,504
13.729214191436768,472,823,-2,441,504
13.755329132080078,472,823,-3,441,504
13.781503200531006,472,823,-2,441,504
13.807623863220215,472,823,-2,441,504
13.833590507507324,472,822,-2,441,504
13.859664916992188,472,823,-3,441,504
13.885600090026855,472,823,1,441,504
13.911494493484497,472,823,-2,441,504
13.937416791915894,472,823,-1,441,504
13.963351249694824,472,824,-2,441,504
13.989209175109863,472,823,-1,441,504
14.015249490737915,472,824,-2,441,504
14.040820598602295,472,824,-2,441,504
14.06711196899414,472,823,-2,441,504
14.093116521835327,472,823,-2,441,504
14.119005918502808,472,823,-1,441,504
14.144805669784546,472,823,-3,441,504
14.17094612121582,472,823,-2,441,504
14.196582078933716,472,823,-2,441,504
14.222944021224976,472,823,-2,441,504
14.248581647872925,472,823,-1,441,504
14.274676084518433,472,823,-2,441,504
14.301048517227173,472,824,-2,441,504
14.327149629592896,472,823,-2,441,504
14.35322117805481,472,824,-2,441,504
14.379219770431519,472,822,-2,441,504
14.405124187469482,472,824,-2,441,504
14.431236982345581,472,823,-2,441,504
14.457124948501587,472,823,-2,441,504
14.483144044876099,472,822,-2,441,504
14.509032964706421,472,823,-2,441,504
14.535109996795654,472,823,-2,441,504
14.560804843902588,472,823,-2,441,504
14.58690857887268,472,823,-2,441,504
14.612996578216553,472,824,-3,441,504
14.638935804367065,472,823,-2,441,504
14.664686918258667,472,823,-2,441,504
14.690988063812256,472,824,-2,441,504
14.716968774795532,472,823,-2,441,504
14.742727994918823,472,823,-1,441,504
14.771417140960693,472,823,-3,441,504
14.79745888710022,472,823,-2,441,504
14.8235023021698,472,823,-2,441,504
14.84943699836731,472,823,-1,441,504
14.875950574874878,472,823,-3,441,504
14.901934146881104,472,823,-2,441,504
14.928043842315674,472,823,-3,441,504
14.954170942306519,472,823,-2,441,504
14.97993540763855,472,823,-2,441,504
15.006249189376831,472,823,-2,441,504
15.032296180725098,472,823,-3,441,504
15.058281660079956,472,823,-2,441,504
15.08434796333313,472,823,-2,441,504
15.110256433486938,472,822,-2,441,504
15.136291742324829,472,823,-2,441,504
15.162461996078491,472,823,-2,441,504
15.188256978988647,472,824,-3,441,504
15.21404767036438,472,823,-2,441,504
15.24042296409607,472,823,-2,441,504
15.26629114151001,472,823,-2,441,504
15.292490482330322,472,823,-3,441,504
15.318538427352905,472,823,-2,441,504
15.34456992149353,472,824,-2,441,504
15.370469093322754,472,823,-2,441,504
15.396706581115723,472,823,-2,441,504
15.422649145126343,472,823,-2,441,504
15.448981285095215,472,823,-1,441,504
15.47502326965332,472,823,-2,441,504
15.50098204612732,472,823,-2,441,504
15.526927471160889,472,823,-3,441,504
15.553003311157227,472,823,-2,441,504
15.579040765762329,472,824,-1,441,504
15.605141162872314,472,823,-2,441,504
15.631120204925537,472,823,-2,441,504
15.657237768173218,472,823,-2,441,504
15.683139562606812,472,823,-2,441,504
15.709052562713623,472,823,-2,441,504
15.735137939453125,472,823,-2,441,504
15.761030197143555,472,823,-3,441,504
15.786991119384766,472,823,-2,441,504
15.813086748123169,472,823,-2,441,504
15.838930130004883,472,823,-3,441,504
15.864604711532593,472,823,-3,441,504
15.89082646369934,472,823,-2,441,504
15.916724443435669,472,822,-2,441,504
15.942683219909668,472,823,-1,441,504
15.968682289123535,472,823,-2,441,504
15.994664669036865,472,823,-2,441,504
16.020623207092285,472,823,-3,441,504
16.046653032302856,472,824,-2,441,504
16.0727059841156,472,823,-2,441,504
16.098746299743652,472,822,-2,441,504
16.12436008453369,472,823,-2,441,504
16.15055203437805,472,824,-1,441,504
16.176583528518677,472,823,-2,441,504
16.202571868896484,472,823,-2,441,504
16.228425979614258,472,823,-2,441,504
16.254415273666382,472,824,-2,441,504
16.280470609664917,472,823,-3,441,504
16.306755542755127,472,823,-2,441,504
16.332515239715576,472,823,-2,441,504
16.35856580734253,472,824,-2,441,504
16.384702444076538,472,823,-2,441,504
16.410462141036987,472,823,-4,441,504
16.436766386032104,472,823,-1,441,504
16.462701082229614,472,824,-2,441,504
16.48868727684021,472,823,-2,441,504
16.514710426330566,472,824,-2,441,504
16.540707111358643,472,823,-2,441,504
16.56650948524475,472,823,-3,441,504
16.592854499816895,472,823,-2,441,504
16.61883568763733,472,823,-4,441,504
16.6446750164032,472,823,-2,441,504
16.67079782485962,472,823,-2,441,504
16.696682453155518,472,823,-2,441,504
16.722583770751953,472,823,-2,441,504
16.748594284057617,472,823,-2,441,504
16.774659872055054,472,823,-2,441,504
16.80048656463623,472,822,-2,441,504
16.826946020126343,472,823,-2,441,504
16.85266661643982,472,823,-2,441,504
16.878631591796875,472,823,-3,441,504
16.904932975769043,472,823,-1,441,504
16.930864095687866,472,824,-1,441,504
16.956543922424316,472,823,-3,441,504
16.982912063598633,472,823,-3,441,504
17.00877618789673,472,823,-3,441,504
17.034724473953247,472,823,-1,441,504
17.06069278717041,472,823,-1,441,504
17.086647272109985,472,823,-2,441,504
17.11268949508667,472,823,-2,441,504
17.1385657787323,472,824,-2,441,504
17.164470672607422,472,823,-3,441,504
17.19086980819702,472,824,-2,441,504
17.216217517852783,472,823,-3,441,504
17.242610692977905,472,824,-2,441,504
17.268482208251953,472,823,-2,441,504
17.294398307800293,472,824,-1,441,504
17.320298671722412,472,823,-2,441,504
17.346348762512207,472,823,-2,441,504
17.37206196784973,472,822,-2,441,504
17.398462295532227,472,823,-1,441,504
17.42445707321167,472,823,-2,441,504
17.450413465499878,472,823,-3,441,504
17.476136684417725,472,823,-2,441,504
17.502485513687134,472,824,-2,441,504
17.52862048149109,472,823,-1,441,504
17.55421733856201,472,823,-2,441,504
17.580555200576782,472,823,-1,441,504
17.60670804977417,472,823,-2,441,504
17.632540464401245,472,823,-3,441,504
17.658589124679565,472,823,-3,441,504
17.684662103652954,472,824,-2,441,504
17.710412979125977,472,823,-2,441,504
17.73631525039673,472,823,-2,441,504
17.762436389923096,472,823,-3,441,504
17.78831195831299,472,822,-1,441,504
17.814355611801147,472,823,-2,441,504
17.84026265144348,472,823,-1,441,504
17.866254568099976,472,823,-2,441,504
17.892226934432983,472,823,-3,441,504
17.918204069137573,472,824,-2,441,504
17.94423198699951,472,823,-1,441,504
17.97009587287903,472,823,-1,441,504
17.99600100517273,472,823,-2,441,504
18.022050619125366,472,823,-2,441,504
18.048205852508545,472,823,-3,441,504
18.074055671691895,472,824,-2,441,504
18.100059986114502,472,823,-2,441,504
18.12600874900818,472,823,-2,441,504
18.1519672870636,472,823,-1,441,504
18.17806625366211,472,823,-1,441,504
18.204092979431152,472,823,-2,441,504
18.230233669281006,472,822,-2,441,504
18.255999326705933,472,823,-1,441,504
18.281961679458618,472,823,-1,441,504
18.308055877685547,472,823,-2,441,504
18.333991289138794,472,822,-2,441,504
18.360318422317505,472,823,-2,441,504
18.386236667633057,472,823,-2,441,504
18.41233730316162,472,824,-2,441,504
18.438385248184204,472,822,-1,441,504
18.464457511901855,472,823,-2,441,504
18.490321159362793,472,823,-2,441,504
18.516493320465088,472,823,-2,441,504
18.542328357696533,472,824,-3,441,504
18.568351984024048,472,823,-2,441,504
18.594404220581055,472,823,-3,441,504
18.620769262313843,472,823,-2,441,504
18.646875619888306,472,824,-2,441,504
18.672873973846436,472,823,-2,441,504
18.69900345802307,472,823,-2,441,504
18.7251079082489,472,823,-2,441,504
18.751060485839844,472,823,-2,441,504
18.776962757110596,472,824,-3,441,504
18.803019046783447,472,824,-1,441,504
18.829049110412598,472,823,-2,441,504
18.855072498321533,472,823,-4,441,504
18.8810555934906,472,823,-3,441,504
18.90700674057007,472,823,-3,441,504
18.93303680419922,472,823,-2,441,504
18.95895481109619,472,823,-2,441,504
18.98509430885315,472,823,-2,441,504
19.01119899749756,472,823,-3,441,504
19.037137269973755,472,824,-2,441,504
19.063129901885986,472,823,-3,441,504
19.089014053344727,472,823,-3,441,504
19.115060329437256,472,823,-2,441,504
19.14102530479431,472,823,-3,441,504
19.166807651519775,472,824,-2,441,504
19.192903995513916,472,823,-2,441,504
19.218952655792236,472,823,-2,441,504
19.245118379592896,472,823,-2,441,504
19.271324396133423,472,823,-2,441,504
19.297277450561523,472,823,-2,441,504
19.323328018188477,472,822,-2,441,504
19.34925889968872,472,823,0,441,504
19.37526273727417,472,824,-2,441,504
19.401242971420288,472,823,-1,441,504
19.427406549453735,472,823,-2,441,504
19.452973127365112,472,823,-1,441,504
19.479149103164673,472,823,-1,441,504
19.50510573387146,472,823,-1,441,504
19.53098726272583,472,823,-1,441,504
19.55674934387207,472,823,-2,441,504
19.58316135406494,472,823,-2,441,504
19.609138011932373,472,823,-1,441,504
19.63513493537903,472,823,-2,441,504
19.661248922348022,472,823,-2,441,504
19.687368392944336,472,823,-3,441,504
19.713462829589844,472,823,-2,441,504
19.739662170410156,472,824,-3,441,504
19.765507698059082,472,823,-2,441,504
19.791794776916504,472,823,-2,441,504
19.81773042678833,472,823,-3,441,504
19.843648433685303,472,823,-2,441,504
19.86974596977234,472,823,-1,441,504
19.895783185958862,472,823,-3,441,504
19.921756267547607,472,822,-2,441,504
19.947872161865234,472,823,-3,441,504
19.973603010177612,472,823,-2,441,504
19.99999713897705,472,823,-2,441,504
20.02598786354065,472,823,-3,441,504
20.052151918411255,472,823,-1,441,504
20.078202962875366,472,823,-2,441,504
20.104386568069458,472,823,-2,441,504
20.13042688369751,472,823,-1,441,504
20.15689206123352,472,823,-3,441,504
20.18317437171936,472,823,-2,441,504
20.209384441375732,472,823,-5,441,504
20.236032485961914,472,823,-1,441,504
20.262115240097046,472,823,-2,441,504
20.288454055786133,472,823,-2,441,504
20.314645528793335,472,823,-2,441,504
20.341066598892212,472,824,-2,441,504
20.3672993183136,472,823,-2,441,504
20.393181800842285,472,823,-2,441,504
20.419190645217896,472,822,-2,441,504
20.445445775985718,472,823,-2,441,504
20.47139263153076,472,823,-2,441,504
20.497273206710815,472,823,-2,441,504
20.523197650909424,472,823,-2,441,504
20.549107789993286,472,823,-1,441,504
20.575196027755737,472,823,-2,441,504
20.600919246673584,472,823,-2,441,504
20.627196073532104,472,823,-2,440,504
20.65337324142456,472,823,-3,441,504
20.679327964782715,472,823,-2,441,504
20.70516085624695,472,822,-2,441,504
20.731324672698975,472,823,-2,441,504
20.7568621635437,472,823,-2,441,504
20.78285503387451,472,823,-2,441,504
20.809099674224854,472,824,-2,441,504
20.83511710166931,472,823,-2,441,504
20.860880851745605,472,823,-2,441,504
20.88713574409485,472,824,-2,441,504
20.91302180290222,472,823,-2,441,504
20.93919825553894,472,823,-2,441,504
20.964978218078613,472,823,-3,441,504
20.99125099182129,472,823,-2,441,504
21.017048358917236,472,823,-2,441,504
21.043113946914673,472,824,-2,441,504
21.06918478012085,472,822,-1,441,504
21.09520387649536,472,823,-2,441,504
21.121031284332275,472,823,-2,441,504
21.147336959838867,472,823,-2,441,504
21.172852039337158,472,824,-1,441,504
21.199180603027344,472,823,-2,441,504
21.22523283958435,472,823,-1,441,504
21.251200675964355,472,823,-2,441,504
21.277714014053345,472,823,-2,441,504
21.30410408973694,472,823,-2,441,504
21.330485105514526,472,823,-2,441,504
21.35660219192505,472,823,-1,441,504
21.382493495941162,472,823,-2,441,504
21.40910816192627,472,822,-2,441,504
21.435436487197876,472,823,-2,441,504
21.4616117477417,472,823,-2,441,504
21.487503051757812,472,823,-2,441,504
21.51374650001526,472,823,-2,441,504
21.539814233779907,472,823,-2,441,504
21.566192388534546,472,823,-2,441,504
21.59238624572754,472,824,-2,441,504
21.618464708328247,472,824,-2,441,504
21.644426345825195,472,824,-4,441,504
21.670349597930908,472,823,-2,441,504
21.69637656211853,472,824,-3,441,504
21.722435474395752,472,824,-2,441,504
21.748103618621826,472,824,-2,441,504
21.774038791656494,472,823,-2,441,504
21.800241708755493,472,823,-1,441,504
21.826040267944336,472,824,-2,441,504
21.85225009918213,472,823,-2,441,504
21.878209114074707,472,823,-2,441,504
21.904752016067505,472,823,-2,441,504
21.930175065994263,472,823,-2,441,504
21.956198930740356,472,823,-2,441,504
21.982100248336792,472,824,-2,441,504
22.007946491241455,472,823,-3,441,504
22.033896923065186,472,823,-2,441,504
22.059903383255005,472,823,-3,441,504
22.085782527923584,472,822,-2,441,504
22.11177659034729,472,823,-1,441,504
22.137889623641968,472,823,-3,441,504
22.16366481781006,472,823,-2,441,504
22.18972611427307,472,823,-2,441,504
22.21574115753174,472,823,-2,441,504
22.241780757904053,474,822,-1,441,504
22.267768144607544,475,823,-1,441,504
22.29361653327942,475,822,-1,441,504
22.319593906402588,476,823,0,441,504
22.34554123878479,475,823,-1,441,504
22.371395587921143,474,824,-1,441,504
22.397125720977783,474,824,0,441,504
22.423490524291992,475,824,3,441,504
22.44943404197693,476,822,4,441,504
22.475589752197266,476,822,3,441,504
22.501511573791504,476,822,3,441,504
22.527501583099365,476,822,3,441,504
22.553646087646484,476,823,3,441,504
22.579312801361084,476,823,3,441,504
22.605672121047974,476,824,4,441,504
22.631688356399536,475,823,4,441,504
22.657387018203735,475,824,4,441,504
22.68363070487976,475,824,4,441,504
22.709588527679443,476,824,4,441,504
22.73523211479187,475,823,5,441,504
22.76144003868103,476,824,7,441,504
22.787206172943115,475,824,7,441,504
22.813393592834473,475,824,7,441,504
22.839422464370728,475,824,7,441,504
22.86512279510498,476,824,7,441,504
22.891435623168945,476,824,7,441,504
22.917192220687866,475,824,7,441,504
22.943174362182617,476,824,7,441,504
22.969492435455322,476,824,7,441,504
22.99514079093933,476,824,7,441,504
23.021526098251343,476,824,7,441,504
23.047428846359253,476,824,7,441,504
23.0733642578125,476,824,7,441,504
23.099348068237305,476,824,7,441,504
23.125051498413086,476,824,9,441,504
23.151471853256226,476,824,10,441,504
23.177488327026367,476,824,10,441,504
23.20340847969055,476,824,10,441,504
23.22910499572754,476,824,10,441,504
23.255372524261475,476,824,10,441,504
23.281368732452393,476,824,10,441,504
23.307000398635864,476,824,10,441,504
23.333371877670288,476,824,10,441,504
23.359251260757446,476,824,10,441,504
23.38521122932434,475,824,10,441,504
23.41148853302002,476,824,10,441,504
23.436887979507446,477,824,10,441,504
23.463057041168213,476,824,10,441,504
23.48935890197754,476,824,11,441,504
23.514994382858276,476,824,10,441,504
23.540998697280884,476,824,11,441,504
23.566927671432495,476,824,10,441,504
23.592867136001587,476,824,10,441,504
23.6190447807312,476,824,11,441,504
23.644768953323364,476,824,11,441,504
23.670944929122925,476,824,10,441,504
23.696613550186157,476,824,10,441,504
23.722899436950684,476,824,11,441,504
23.748990774154663,476,824,11,441,504
23.77472949028015,476,824,11,441,504
23.801064014434814,476,824,10,441,504
23.82664728164673,476,824,11,441,504
23.852949857711792,476,824,11,441,504
23.8789005279541,476,824,11,441,504
23.904817581176758,476,824,10,441,504
23.93086814880371,476,824,10,441,504
23.95673966407776,476,824,11,441,504
23.982605934143066,476,824,11,441,504
24.00850534439087,476,824,11,441,504
24.03451371192932,476,824,11,441,504
24.06037735939026,476,824,11,441,504
24.08627939224243,476,824,11,441,504
24.11198353767395,476,824,11,441,504
24.137874126434326,476,824,11,441,504
24.164163827896118,476,824,11,441,504
24.189847230911255,476,824,11,441,504
24.21633553504944,476,824,11,441,504
24.242429971694946,476,825,11,441,504
24.268372774124146,476,824,11,441,504
24.29439687728882,476,824,11,441,504
24.32022213935852,476,825,12,441,504
24.346489667892456,476,825,12,441,504
24.372157335281372,476,824,12,441,504
24.398390769958496,476,824,12,441,504
24.424356698989868,476,824,12,441,504
24.450317859649658,476,824,12,441,504
24.476301670074463,476,824,12,441,504
24.50232982635498,476,825,11,441,504
24.528191089630127,476,824,12,441,504
24.553879499435425,476,824,12,441,504
24.579872608184814,476,825,12,441,504
24.606054544448853,476,824,12,441,504
24.632124185562134,476,824,12,441,504
24.658114194869995,476,825,12,441,504
24.68397355079651,476,824,12,441,504
24.70979070663452,476,824,12,441,504
24.735894441604614,476,825,12,441,504
24.761690378189087,476,825,12,441,504
24.787508726119995,476,825,12,441,504
24.81343412399292,476,825,12,441,504
24.839213132858276,476,825,12,441,504
24.865564584732056,476,825,12,441,504
24.891506671905518,476,825,12,441,504
24.91743755340576,476,825,12,441,504
24.94347834587097,476,825,12,441,504
24.96936345100403,476,824,12,441,504
24.99523663520813,476,825,12,441,504
25.021342039108276,476,824,12,441,504
25.04740262031555,476,825,11,441,504
25.073330879211426,476,824,12,441,504
25.099315404891968,476,824,11,441,504
25.125356197357178,476,824,12,441,504
25.151367902755737,475,823,12,441,504
25.1775221824646,475,823,11,441,504
25.20316767692566,475,823,11,441,504
25.22920274734497,475,824,11,441,504
25.255468606948853,475,823,7,441,504
25.281421661376953,476,823,3,441,504
25.30741572380066,475,820,-1,441,504
25.333232879638672,475,818,-1,441,504
25.35896396636963,474,818,-3,441,504
25.385225772857666,473,818,-6,441,504
25.411103010177612,472,818,-5,441,504
25.437119960784912,472,818,-3,441,504
25.46315360069275,472,818,-1,441,504
25.48904037475586,472,820,-3,441,504
25.515015840530396,472,818,-3,441,504
25.540948629379272,472,818,-4,441,504
25.56684374809265,472,819,-4,441,504
25.59284257888794,472,818,-4,441,504
25.618948221206665,472,819,-4,441,504
25.64448118209839,472,818,-4,441,504
25.670703649520874,472,818,-4,441,504
25.69670271873474,472,818,-4,441,504
25.722739458084106,472,818,-5,441,504
25.748430252075195,472,820,0,441,504
25.774837017059326,472,819,-7,441,504
25.80059266090393,472,820,-4,441,504
25.82631254196167,472,822,-2,441,504
25.852551221847534,472,822,-4,441,504
25.87825608253479,472,823,-4,441,504
25.904292106628418,472,823,-3,441,504
25.930453777313232,472,823,-4,441,504
25.95641827583313,472,823,-3,441,504
25.98220729827881,472,824,-3,441,504
26.00832438468933,472,823,-4,441,504
26.034289121627808,472,824,-4,441,504
26.060328722000122,472,823,-4,441,504
26.086211919784546,472,823,-4,441,504
26.111886739730835,472,823,-3,441,504
26.13824152946472,472,823,-4,441,504
26.164195775985718,472,824,-4,441,504
26.190188884735107,472,823,-4,441,504
26.216358184814453,472,823,-3,441,504
26.242316007614136,472,823,-4,441,504
26.268431186676025,472,823,-4,441,504
26.294381141662598,472,823,-5,441,504
26.32021689414978,472,823,-4,441,504
26.346415519714355,472,824,-4,441,504
26.372435808181763,472,823,-4,441,504
26.398152351379395,472,823,-3,441,504
26.424410343170166,472,823,-3,441,504
26.45028591156006,472,823,-4,441,504
26.476327180862427,472,823,-4,441,504
26.501896142959595,472,823,-4,441,504
26.52785301208496,472,823,-4,441,504
26.553903818130493,472,823,-4,441,504
26.580079555511475,472,823,-4,441,504
26.605789184570312,472,824,0,441,504
26.631948471069336,472,823,-4,441,504
26.657588005065918,472,823,-3,441,504
26.68364143371582,472,824,-4,441,504
26.70984721183777,472,823,-3,441,504
26.735944032669067,472,824,-4,441,504
26.761640548706055,472,823,-4,441,504
26.787616968154907,472,823,-4,441,504
26.813632488250732,472,823,-3,441,504
26.83948063850403,472,823,-3,441,504
26.865525245666504,472,823,-4,441,504
26.89155602455139,472,823,-4,441,504
26.917516946792603,472,824,-4,441,504
26.94340968132019,472,823,-4,441,504
26.96935486793518,472,823,-4,441,504
26.995249271392822,472,823,-3,441,504
27.021380186080933,472,823,-4,441,504
27.046984910964966,472,824,-4,441,504
27.072938680648804,472,823,-4,441,504
27.099393129348755,472,823,-4,441,504
27.125410795211792,472,823,-4,441,504
27.151211261749268,472,823,-4,441,504
27.177860021591187,472,824,-4,441,504
27.203794479370117,472,823,-4,441,504
27.230273008346558,472,823,-3,441,504
27.256210803985596,472,823,-3,441,504
27.28238582611084,472,823,-4,441,504
27.308037042617798,472,823,-4,441,504
27.33427405357361,472,823,-4,441,504
27.36025834083557,472,823,-4,441,504
27.385977029800415,472,824,-3,441,504
27.411988735198975,472,824,-4,441,504
27.438352823257446,472,823,-4,441,504
27.464439392089844,472,824,-3,441,504
27.490478515625,472,823,-4,441,504
27.51642346382141,472,823,-4,441,504
27.54241418838501,472,823,-3,441,504
27.568397045135498,472,823,-4,441,504
27.59444832801819,472,823,-4,441,504
27.620384216308594,472,824,-3,441,504
27.64648413658142,472,823,-3,441,504
27.6720130443573,472,824,-4,441,504
27.698211431503296,472,823,-3,441,504
27.7241632938385,472,823,-4,441,504
27.750213146209717,472,824,-4,441,504
27.776453495025635,472,823,-3,441,504
27.802201509475708,472,823,-4,441,504
27.82819151878357,472,823,-3,441,504
27.854187488555908,472,823,-6,441,504
27.880129098892212,472,823,-3,441,504
27.905867338180542,472,824,-3,441,504
27.93187189102173,472,823,-4,441,504
27.95800280570984,472,823,-4,441,504
27.983966588974,472,823,-4,441,504
28.009922981262207,472,823,-4,441,504
28.035980701446533,472,823,-4,441,504
28.061534881591797,472,823,-4,441,504
28.087750911712646,472,823,-3,441,504
28.113698482513428,472,824,-4,441,504
28.13961410522461,472,823,-3,441,504
28.165541648864746,472,823,-3,441,504
28.191173553466797,472,823,-3,441,504
28.21756672859192,472,822,-3,441,504
28.24367880821228,472,823,-3,441,504
28.269454956054688,472,823,-4,441,504
28.29545521736145,472,823,-4,441,504
28.321399450302124,472,823,-4,441,504
28.347506761550903,472,823,-3,441,504
28.373356342315674,472,823,-3,441,504
28.39937138557434,472,823,-4,441,504
28.425090551376343,472,823,-4,441,504
28.451245069503784,472,823,-1,441,504
28.47718834877014,472,823,-4,441,504
28.503188371658325,472,823,-4,441,504
28.52898144721985,472,824,-4,441,504
28.555102825164795,472,823,-4,441,504
28.58101987838745,472,824,-3,441,504
28.606908082962036,472,823,-3,441,504
28.633201122283936,472,823,-4,441,504
28.659170389175415,472,824,-4,441,504
28.685100078582764,472,823,-3,441,504
28.711217641830444,472,824,-4,441,504
28.73700189590454,472,823,-3,441,504
28.76325559616089,472,823,-3,441,504
28.789169311523438,472,823,-3,441,504
28.815208673477173,472,823,-4,441,504
28.84097146987915,472,823,-4,441,504
28.867276906967163,472,823,-4,441,504
28.89292621612549,472,823,-4,441,504
28.919154167175293,472,823,-4,441,504
28.945208311080933,472,823,-4,441,504
28.971058130264282,472,824,-4,441,504
28.99701714515686,472,823,-3,441,504
29.02297067642212,472,823,-4,441,504
29.048691034317017,472,823,-4,440,504
29.07492208480835,472,824,-3,441,504
29.100780963897705,472,823,-4,441,504
29.126356601715088,472,823,-3,441,504
29.15278673171997,472,823,-4,441,504
29.178744316101074,472,823,-4,441,504
29.204841136932373,472,824,-3,441,504
29.230796337127686,472,823,-4,441,504
29.256850004196167,472,823,-5,441,504
29.283087015151978,472,823,-3,441,504
29.30900526046753,472,823,-4,441,504
29.33499312400818,472,823,-4,441,504
29.361271142959595,472,823,-4,441,504
29.386850833892822,472,823,-3,441,504
29.41310715675354,472,824,-4,441,504
29.43913769721985,472,823,-4,441,504
29.465161085128784,472,824,-4,441,504
29.491042375564575,472,824,-4,441,504
29.516737461090088,472,823,-5,441,504
29.54288959503174,472,823,-4,441,504
29.568790674209595,472,823,-4,441,504
29.594929456710815,472,823,-4,441,504
29.620471954345703,472,823,-4,441,504
29.646819591522217,472,824,-4,441,504
29.673251628875732,472,823,-4,441,504
29.699079513549805,472,824,-4,441,504
29.725361108779907,472,823,-4,441,504
29.751195430755615,472,823,-4,441,504
29.777096033096313,472,823,-4,441,504
29.802809953689575,472,823,-3,441,504
29.82899260520935,472,823,-4,441,504
29.85496687889099,472,823,-4,441,504
29.880680561065674,472,823,-3,441,504
29.90654420852661,472,823,-3,441,504
29.932897806167603,472,823,-4,441,504
29.958745002746582,472,822,-2,441,504
29.984617471694946,472,823,-4,441,504
30.01047682762146,472,823,-3,441,504
30.036543130874634,472,823,-4,441,504
30.062642097473145,472,823,-3,441,504
30.088340044021606,472,823,-3,441,504
30.114562273025513,472,823,-4,441,504
30.140631914138794,472,823,-4,441,504
30.166593313217163,472,823,-3,441,504
30.192546606063843,472,823,-3,441,504
30.218770027160645,472,823,-3,441,504
30.244786977767944,472,823,-3,441,504
30.27069854736328,472,823,-4,441,504
30.296746492385864,472,823,-3,441,504
30.32263445854187,472,823,-4,441,504
30.348756074905396,472,823,-3,441,504
30.375148057937622,472,823,-4,441,504
30.400667667388916,472,823,-4,441,504
30.426888465881348,472,823,-4,441,504
30.452687740325928,472,824,-4,441,504
30.478872537612915,472,824,-4,441,504
30.504605293273926,472,823,-4,441,504
30.530970335006714,472,824,-4,441,504
30.556661367416382,472,823,-4,441,504
30.58239984512329,472,823,-1,441,504
30.608463764190674,472,823,-3,441,504
30.634610891342163,472,823,-3,441,504
30.660762071609497,472,824,-4,441,504
30.68647789955139,472,824,-5,441,504
30.71261739730835,472,823,-3,441,504
30.73862314224243,472,823,-3,441,504
30.76428484916687,472,823,-3,441,504
30.790626049041748,472,823,-4,441,504
30.81652045249939,472,823,-4,441,504
30.842684984207153,472,823,-4,441,504
30.868515729904175,472,823,-4,441,504
30.894537925720215,472,824,-4,441,504
30.92019295692444,472,823,-4,441,504
30.94637107849121,472,824,-4,441,504
30.97242307662964,472,823,-4,441,504
30.99848508834839,472,823,-4,441,504
31.024304151535034,472,823,-3,441,504
31.050060033798218,472,824,-4,441,504
31.076215505599976,472,824,-4,441,504
31.102192878723145,472,823,-3,441,504
31.128265619277954,472,823,-4,441,504
31.154362440109253,472,824,-3,441,504
31.180248260498047,472,823,-3,441,504
31.20648741722107,472,823,-4,441,504
31.23237657546997,472,824,-4,441,504
31.258186101913452,472,824,-4,441,504
31.28440833091736,472,824,-4,441,504
31.310014009475708,472,824,-4,441,504
31.33625864982605,472,823,-4,441,504
31.36229109764099,472,823,-3,441,504
31.38836646080017,472,823,-4,441,504
31.414604663848877,472,823,-4,441,504
31.440563917160034,472,823,-4,441,504
31.466534852981567,472,824,-4,441,504
31.492539167404175,472,824,-4,441,504
31.51827645301819,472,823,-3,441,504
31.54454231262207,472,823,-3,441,504
31.570695161819458,472,823,-4,441,504
31.596822261810303,472,824,-5,441,504
31.6227707862854,472,824,-3,441,504
31.648778438568115,472,823,-4,441,504
31.674656629562378,472,824,-3,441,504
31.700512409210205,472,823,-4,441,504
31.72654628753662,472,823,-3,441,504
31.752373695373535,472,824,-4,441,504
31.780869245529175,472,823,-4,441,504
31.806363821029663,472,823,-3,441,504
31.83226752281189,472,823,-4,441,504
31.85811710357666,472,823,-4,441,504
31.884191274642944,472,824,-3,441,504
31.910155534744263,472,824,-4,441,504
31.935954332351685,472,824,-4,441,504
31.962062120437622,472,823,-3,441,504
31.98807120323181,472,823,-5,441,504
32.01411199569702,472,823,-4,441,504
32.040114641189575,472,824,-3,441,504
32.06605267524719,472,823,-4,441,504
32.091931104660034,472,823,-3,441,504
32.11781573295593,472,824,-3,441,504
32.14375638961792,472,824,-4,441,504
32.169769287109375,472,823,-3,441,504
32.1956787109375,472,824,-4,441,504
32.221996784210205,472,823,-4,441,504
32.24786853790283,472,824,-3,441,504
32.27394461631775,472,823,-1,441,504
32.2999222278595,472,823,-4,441,504
32.32585906982422,472,824,-4,441,504
32.351603984832764,472,824,-4,441,504
32.37789177894592,472,823,-4,441,504
32.403772592544556,472,822,-4,441,504
32.42968440055847,472,824,-4,441,504
32.4560010433197,472,823,-4,441,504
32.48206543922424,472,823,-4,441,504
32.508031606674194,472,823,-3,441,504
32.533812284469604,472,824,-3,441,504
32.55987024307251,472,823,-4,441,504
32.58611345291138,472,823,-4,441,504
32.61440658569336,472,824,-3,441,504
32.64046931266785,472,823,-4,441,504
32.66653847694397,472,823,-3,441,504
32.69263195991516,472,823,-5,441,504
32.71825385093689,472,823,-3,441,504
32.744134187698364,472,823,-3,441,504
32.77056622505188,472,824,-4,441,504
32.79622530937195,472,823,-3,441,504
32.82222127914429,472,823,-4,441,504
32.84825086593628,472,824,-4,441,504
32.873674392700195,472,823,-3,441,504
32.90011787414551,472,823,-4,441,504
32.92600917816162,472,824,-4,441,504
32.951863288879395,472,824,-4,441,504
32.978108644485474,472,824,-4,441,504
33.00407528877258,472,823,-2,441,504
33.029792070388794,472,822,-4,441,504
33.05600070953369,472,823,-4,441,504
33.08204388618469,472,823,-4,441,504
33.10799217224121,472,824,-4,441,504
33.133918046951294,472,824,-4,441,504
33.16001558303833,472,824,-4,441,504
33.185702085494995,472,824,-6,441,504
33.211633920669556,472,823,-3,441,504
33.23799800872803,472,823,-3,441,504
33.26394033432007,472,823,-4,441,504
33.289931535720825,472,823,-4,441,504
33.31582689285278,472,823,-3,441,504
33.341734647750854,472,823,-3,441,504
33.36756634712219,472,824,-4,441,504
33.393312215805054,472,823,-5,441,504
33.41957902908325,472,824,-4,441,504
33.44566059112549,472,824,0,441,504
33.47160458564758,472,824,-4,441,504
33.497591972351074,472,823,-4,441,504
33.52360558509827,472,823,-4,441,504
33.54922389984131,472,823,-4,441,504
33.575427770614624,472,823,-3,441,504
33.60152459144592,472,824,-3,441,504
33.62741255760193,472,823,-4,441,504
33.65355730056763,472,824,-4,441,504
33.67956781387329,472,824,-3,441,504
33.705540895462036,472,823,-4,441,504
33.73167896270752,472,823,-4,441,504
33.757476806640625,472,823,-4,441,504
33.78363561630249,472,824,-4,441,504
33.80964779853821,472,824,-4,441,504
33.83529853820801,472,824,-4,441,504
33.86154580116272,472,824,-4,441,504
33.887224435806274,472,824,-3,441,504
33.913474798202515,472,823,-3,441,504
33.939592599868774,472,824,-4,441,504
33.96523451805115,472,823,-5,441,504
33.99147820472717,472,823,-4,441,504
34.01767587661743,472,823,-4,441,504
34.04359173774719,472,823,-4,441,504
34.069451570510864,472,824,-4,441,504
34.09546113014221,472,824,-4,441,504
34.12143039703369,472,824,-3,441,504
34.14739441871643,472,823,-4,441,504
34.17300295829773,472,824,-4,441,504
34.19914221763611,472,823,-4,441,504
34.22523880004883,472,823,-4,441,504
34.251161098480225,472,823,-4,441,504
34.27684950828552,472,823,-4,441,504
34.30312252044678,472,824,-4,441,504
34.328747272491455,472,823,-3,441,504
34.354947090148926,472,823,-4,441,504
34.380987882614136,472,823,-4,441,504
34.406928300857544,472,823,-4,441,504
34.43298625946045,472,823,-3,441,504
34.45899271965027,472,824,-4,441,504
34.4849157333374,472,824,-3,441,504
34.51084518432617,472,823,-4,441,504
34.53688097000122,472,823,-4,441,504
34.56280875205994,472,823,-4,441,504
34.58887577056885,472,823,-4,441,504
34.614665031433105,472,823,-4,441,504
34.64080286026001,472,823,-4,441,504
34.66694235801697,472,823,-4,441,504
34.69275641441345,472,823,-4,441,504
34.718735218048096,472,823,-3,440,504
34.74467754364014,472,823,-3,441,504
34.770755767822266,472,824,-3,441,504
34.79645013809204,472,823,-4,441,504
34.822657346725464,472,824,-4,441,504
34.848806858062744,472,823,-4,441,504
34.876885414123535,472,823,-4,441,504
34.902719497680664,472,824,-5,441,504
34.92892503738403,472,824,-3,441,504
34.95482087135315,472,824,-4,441,504
34.98107933998108,472,824,-4,441,504
35.0069944858551,472,823,-3,441,504
35.03300762176514,472,823,-4,441,504
35.058727979660034,472,823,-4,441,504
35.08474087715149,472,824,-4,441,504
35.110904693603516,472,824,-4,441,504
35.136850357055664,472,824,-3,441,504
35.162949085235596,472,823,-3,441,504
35.18887686729431,472,823,-4,441,504
35.21447134017944,472,823,-4,441,504
35.24083209037781,472,823,-4,441,504
35.2667498588562,472,823,-5,441,504
35.29280924797058,472,824,-4,441,504
35.31840991973877,472,823,-4,441,504
35.34431862831116,472,824,-4,441,504
35.37075114250183,472,824,-4,441,504
35.39675259590149,472,823,-3,441,504
35.422422647476196,472,823,-3,441,504
35.44909882545471,472,823,-3,441,504
35.47451734542847,472,823,-3,441,504
35.500946044921875,472,824,-6,441,504
35.52691864967346,472,824,-4,441,504
35.55292797088623,472,823,-4,441,504
35.57896327972412,472,824,-4,441,504
35.6046986579895,472,824,-3,440,504
35.63119339942932,472,823,-4,441,504
35.6571090221405,472,823,-4,441,504
35.68285942077637,472,823,-3,441,504
35.70915246009827,472,823,-4,441,504
35.734973192214966,472,823,-3,441,504
35.76107168197632,472,823,-4,441,504
35.78714847564697,472,823,-7,441,504
35.813337564468384,472,823,-4,441,504
35.84004735946655,472,823,-4,441,504
35.866154193878174,472,824,-4,441,504
35.89241671562195,472,824,-4,441,504
35.91831111907959,472,823,-3,441,504
35.94454765319824,472,823,-5,441,504
35.970858573913574,472,824,-3,441,504
35.99690532684326,472,823,-4,441,504
36.023045778274536,472,823,-4,441,504
36.04884481430054,472,823,-3,441,504
36.07460331916809,472,823,-3,441,504
36.10090780258179,472,824,-3,441,504
36.126521587371826,472,824,-4,441,504
36.15269112586975,472,824,-4,441,504
36.178852796554565,472,823,-3,441,504
36.204817056655884,472,824,-4,441,504
36.23099374771118,472,823,-4,441,504
36.25730872154236,472,823,-4,441,504
36.283029317855835,472,823,-4,441,504
36.30909705162048,472,823,-4,441,504
36.33525013923645,472,823,-3,441,504
36.36114764213562,472,823,-4,441,504
36.387202501297,472,823,-4,441,504
36.41301202774048,472,824,-4,441,504
36.43900537490845,472,823,-4,441,504
36.46501612663269,472,824,-7,441,504
36.49104428291321,472,824,-3,441,504
36.51688885688782,472,823,-4,441,504
36.54280638694763,472,824,-5,441,504
36.56893444061279,472,823,-4,441,504
36.59494686126709,472,823,-3,441,504
36.62075757980347,472,824,-4,441,504
36.64673972129822,472,823,-4,441,504
36.67292141914368,472,823,-3,441,504
36.69877099990845,472,824,-3,441,504
36.72492051124573,472,824,-3,441,504
36.75101685523987,472,823,-4,441,504
36.7771532535553,472,823,-4,441,504
36.80276870727539,472,823,-4,441,504
36.828949213027954,472,824,-4,441,504
36.8552565574646,472,823,-4,441,504
36.88141942024231,472,824,-4,441,504
36.90724229812622,472,823,-2,441,504
36.93315386772156,472,823,-3,441,504
36.95912456512451,472,824,-3,441,504
36.98542380332947,472,823,-4,441,504
37.01143717765808,472,824,-4,441,504
37.03740358352661,472,823,-4,441,504
37.06327414512634,472,824,-4,441,504
37.08930420875549,472,823,-4,441,504
37.114985704422,472,823,-4,441,504
37.141236305236816,472,823,-3,441,504
37.16734504699707,472,824,-4,441,504
37.19307613372803,472,823,-4,441,504
37.21951746940613,472,823,-4,441,504
37.245166301727295,472,823,-6,441,504
37.27154207229614,472,824,-3,441,504
37.29766368865967,472,824,-3,441,504
37.32361650466919,472,823,-3,441,504
37.349937200546265,472,824,-4,441,504
37.37572908401489,472,824,-4,441,504
37.40198349952698,472,824,-4,441,504
37.42777729034424,472,823,-4,441,504
37.454309940338135,472,824,-5,441,504
37.480319023132324,472,824,-3,441,504
37.50638008117676,472,823,-4,441,504
37.53230047225952,472,823,-4,441,504
37.55842614173889,472,823,-4,441,504
37.58450889587402,472,823,-4,441,504
37.610493183135986,472,824,-3,441,504
37.63688898086548,472,823,-4,441,504
37.66299843788147,472,824,-4,441,504
37.68874263763428,472,823,-3,441,504
37.71475601196289,472,823,-4,441,504
37.7408173084259,472,823,-4,441,504
37.767077922821045,472,824,-4,441,504
37.79279947280884,472,823,-4,441,504
37.81881284713745,472,824,-3,441,504
37.84489369392395,472,823,-4,441,504
37.870680809020996,472,823,1,441,504
37.89662456512451,472,823,-1,441,504
37.92259407043457,472,824,-3,441,504
37.94859027862549,472,823,-4,441,504
37.97453570365906,472,823,-4,441,504
38.00059127807617,472,824,-4,441,504
38.02664351463318,472,823,-7,441,504
38.054524421691895,472,824,-3,441,504
38.08061957359314,472,823,-3,441,504
38.106677293777466,472,823,-3,441,504
38.13239502906799,472,823,-4,441,504
38.15862774848938,472,823,-4,441,504
38.18454718589783,472,824,-3,441,504
38.21078634262085,472,823,-4,441,504
38.236441135406494,472,823,-4,441,504
38.26238012313843,472,824,-4,441,504
38.2884955406189,472,823,-4,441,504
38.314749002456665,472,824,-4,441,504
38.34087133407593,472,822,-4,441,504
38.36692190170288,472,823,-4,441,504
38.39297795295715,472,823,-3,441,504
38.41920590400696,472,823,-4,441,504
38.44532299041748,472,823,-4,441,504
38.47130799293518,472,823,-3,441,504
38.49696660041809,472,823,-3,441,504
38.52311396598816,472,823,-3,441,504
38.54915142059326,472,823,-4,441,504
38.57515096664429,472,823,-4,441,504
38.60120677947998,472,824,-4,441,504
38.627036333084106,472,823,-4,441,504
38.6532301902771,472,824,-4,441,504
38.679075479507446,472,823,-4,441,504
38.70536398887634,472,823,-4,441,504
38.73128843307495,472,824,-4,441,504
38.75744414329529,472,823,-4,441,504
38.783228635787964,472,824,-4,441,504
38.80949258804321,472,823,-4,441,504
38.835652589797974,472,823,-4,441,504
38.861847162246704,472,823,-3,441,504
38.88781499862671,472,823,-4,441,504
38.91379117965698,472,823,-4,441,504
38.93950271606445,472,823,-4,441,504
38.96589279174805,472,824,-4,441,504
38.99177885055542,472,823,-4,441,504
39.017720222473145,472,823,-4,441,504
39.04358506202698,472,823,-4,441,504
39.069395303726196,472,823,-4,441,504
39.09550380706787,472,824,-4,441,504
39.121684551239014,472,823,-3,441,504
39.147658586502075,472,824,-3,441,504
39.173482179641724,472,823,-4,441,504
39.199533224105835,472,823,-4,441,504
39.22576284408569,472,823,-4,441,504
39.25162696838379,472,823,-4,441,504
39.27763748168945,472,823,-4,441,504
39.30356812477112,472,823,-4,441,504
39.329674243927,472,823,-3,441,504
39.35559630393982,472,824,-4,441,504
39.38146638870239,472,823,-4,441,504
39.40764808654785,472,823,-4,441,504
39.43354153633118,472,823,-4,441,504
39.459264039993286,472,823,-4,441,504
39.48535346984863,472,823,-3,441,504
39.51158261299133,472,824,-3,441,504
39.53779649734497,472,823,-3,441,504
39.56337356567383,472,824,-4,441,504
39.589550495147705,472,823,-4,441,504
39.61576747894287,472,823,-3,441,504
39.641881465911865,472,823,-3,441,504
39.66787767410278,472,823,-4,441,504
39.69394111633301,472,823,-4,441,504
39.719688177108765,472,823,-3,441,504
39.745929479599,472,824,-4,441,504
39.77187705039978,472,824,-4,441,504
39.798068046569824,472,824,-3,441,504
39.823986768722534,472,824,-3,441,504
39.850045680999756,472,823,-4,441,504
39.87595176696777,472,823,-4,441,504
39.901971101760864,472,823,1,441,504
39.927987813949585,472,823,-4,441,504
39.95402979850769,472,824,-3,441,504
39.97989296913147,472,823,-4,441,504
40.00586700439453,472,823,-4,441,504
40.03207230567932,472,823,-4,441,504
40.05794978141785,472,824,-4,441,504
40.08396077156067,472,823,-3,441,504
40.11007356643677,472,824,-4,441,504
40.136038303375244,472,824,-3,441,504
40.161904096603394,472,823,-4,441,504
40.18789267539978,472,823,-4,441,504
40.214035511016846,472,823,-4,441,504
40.24037289619446,472,824,-3,441,504
40.266308069229126,472,823,-1,441,504
40.292285442352295,472,823,-5,441,504
40.31839203834534,472,824,-4,441,504
40.34399461746216,472,823,-3,441,504
40.37019681930542,472,823,-4,441,504
40.396119356155396,472,824,-4,441,504
40.4221510887146,472,823,-3,441,504
40.44812369346619,472,823,-3,441,504
40.47432613372803,472,823,-3,441,504
40.50020170211792,472,823,-3,441,504
40.52613806724548,472,823,-3,441,504
40.55221223831177,472,823,-4,441,504
40.57781982421875,472,823,-4,441,504
40.60416531562805,472,823,-4,441,504
40.62988066673279,472,824,-4,441,504
40.6561119556427,472,823,-4,441,504
40.68206191062927,472,824,-5,441,504
40.70807886123657,472,823,-4,441,504
40.73391556739807,472,824,-4,441,504
40.75985264778137,472,823,-4,441,504
40.78574752807617,472,824,-4,441,504
40.81178259849548,472,824,-4,441,504
40.83796191215515,472,823,-4,441,504
40.8638596534729,472,823,-3,441,504
40.889774799346924,472,823,-4,441,504
40.9155592918396,472,824,-4,441,504
40.941418170928955,472,823,-4,441,504
40.96779441833496,472,824,-3,441,504
40.99386692047119,472,823,-3,441,504
41.01969504356384,472,824,-3,441,504
41.04576277732849,472,823,-4,441,504
41.07186222076416,472,824,-4,441,504
41.09789800643921,472,823,-4,441,504
41.12351036071777,472,823,-3,441,504
41.14969611167908,472,823,-4,441,504
41.17571759223938,472,823,-3,441,504
41.201661586761475,472,824,-4,441,504
41.227574825286865,472,823,-4,441,504
41.25353193283081,472,824,-4,441,504
41.27949905395508,472,823,-4,441,504
41.30538463592529,472,824,-4,441,504
41.33133506774902,472,823,-4,441,504
41.35729002952576,472,823,-4,441,504
41.38307309150696,472,823,0,441,504
41.40926933288574,472,824,-4,441,504
41.435110092163086,472,824,-4,441,504
41.46117186546326,472,824,-4,441,504
41.486939668655396,472,824,-4,441,504
41.51271390914917,472,823,-3,441,504
41.53892111778259,472,823,-4,441,504
41.56498861312866,472,823,-4,441,504
41.59088373184204,472,823,-4,441,504
41.61693358421326,472,823,-4,441,504
41.64292764663696,472,823,-3,441,504
41.6691780090332,472,823,-4,441,504
41.69523787498474,472,824,-4,441,504
41.72121524810791,472,823,-4,441,504
41.747535705566406,472,823,-4,441,504
41.773582458496094,472,823,-4,441,504
41.80015444755554,472,823,-4,441,504
41.8258101940155,472,823,-4,441,504
41.85198760032654,472,824,-3,441,504
41.87781047821045,472,823,-3,441,504
41.90387296676636,472,824,-3,441,504
41.92986750602722,472,824,-4,441,504
41.95576024055481,472,824,-4,441,504
41.98176574707031,472,823,-4,441,504
42.00758147239685,472,823,-3,441,504
42.03359794616699,472,823,-3,441,504
42.059247970581055,472,823,-3,441,504
42.08514738082886,472,823,-3,441,504
42.11136031150818,472,824,-4,441,504
42.137306451797485,472,823,-4,441,504
42.16341733932495,472,823,-4,441,504
42.18938112258911,472,823,-4,441,504
42.21521353721619,472,823,-3,441,504
42.241089820861816,472,823,-4,441,504
42.26746582984924,472,823,-3,441,504
42.293431997299194,472,823,-4,441,504
42.31948971748352,472,823,-5,441,504
42.34537053108215,472,823,-4,441,504
42.370956897735596,472,824,-4,441,504
42.39705014228821,472,824,-4,441,504
42.42326784133911,472,824,-1,0,0
42.45774841308594,0,0,0,0,0
42.502241373062134,0,0,0,0,0
42.54663825035095,0,0,0,0,0
42.592902183532715,0,0,0,0,0
42.63632917404175,0,0,0,0,0
42.68109631538391,0,0,0,0,0
42.72569298744202,0,0,0,0,0
42.771456241607666,0,0,0,0,0
42.81610107421875,0,0,0,0,0
42.86042308807373,0,0,0,0,0
42.905141830444336,0,0,0,0,0
42.94956636428833,0,0,0,0,0
42.995314836502075,0,0,0,0,0
43.040167570114136,0,0,0,0,0
43.084644079208374,0,0,0,0,0
43.12911415100098,0,0,0,0,0
43.173858642578125,0,0,0,0,0
43.2194139957428,0,0,0,0,0
43.26501154899597,0,0,0,0,0
43.30965328216553,0,0,0,0,0
43.35517764091492,0,823,-76,441,504
43.384294509887695,472,822,-75,441,504
43.41031527519226,472,823,-76,441,504
43.43627691268921,472,823,-76,441,504
43.462247371673584,472,823,-76,441,504
43.48817563056946,472,823,-76,441,504
43.51406216621399,472,823,-76,441,504
43.540019273757935,472,823,-76,441,504
43.56565308570862,472,823,-76,441,504
43.591973543167114,472,823,-76,440,504
43.61798167228699,472,823,-75,441,504
43.64396142959595,472,823,-76,441,504
43.66998076438904,472,823,-76,441,504
43.69600772857666,472,823,-76,441,504
43.72202706336975,472,823,-76,441,504
43.74781680107117,472,823,-75,441,504
43.774014472961426,472,823,-76,441,504
43.80010271072388,472,823,-76,441,504
43.82596516609192,472,823,-76,441,504
43.851930379867554,472,823,-76,441,504
43.87792706489563,472,823,-76,441,504
43.903865575790405,472,823,-76,441,504
43.93011927604675,472,823,-76,441,504
43.955894470214844,472,823,-76,441,504
43.9818000793457,472,823,-76,441,504
44.00785255432129,472,823,-76,440,504
44.033743143081665,472,823,-76,441,504
44.059579610824585,472,823,-76,441,504
44.08564782142639,472,823,-76,441,504
44.11154842376709,472,823,-76,441,504
44.137542724609375,472,823,-76,441,504
44.163570404052734,472,823,-76,441,504
44.189422369003296,472,823,-76,441,504
44.21549677848816,472,824,-76,441,504
44.24141716957092,472,823,-76,441,504
44.26739978790283,472,823,-76,441,504
44.29332661628723,472,823,-76,441,504
44.319284200668335,472,823,-76,441,504
44.345160484313965,472,823,-76,441,504
44.37102007865906,472,823,-76,441,504
44.39703583717346,472,823,-76,440,504
44.423081159591675,472,823,-76,441,504
44.44898557662964,472,823,-76,441,504
44.47495222091675,472,823,-75,441,504
44.50113296508789,472,823,-76,441,504
44.52706050872803,472,823,-75,441,504
44.55306077003479,472,823,-76,441,504
44.579185485839844,472,823,-76,441,504
44.60528898239136,472,823,-76,441,504
44.63147258758545,472,824,-76,441,504
44.657504081726074,472,823,-76,441,504
44.68357229232788,472,822,-75,441,504
44.70960712432861,472,823,-76,441,504
44.735581398010254,472,823,-75,441,504
44.76155161857605,472,823,-76,441,504
44.787548303604126,472,823,-76,441,504
44.81308341026306,472,823,-76,441,504
44.83960580825806,472,823,-75,441,504
44.86567783355713,472,823,-76,441,504
44.89154362678528,472,823,-76,441,504
44.9176299571991,472,823,-76,441,504
44.943564653396606,472,823,-76,441,504
44.96948170661926,472,823,-76,441,504
44.995399713516235,472,823,-75,441,504
45.0215106010437,472,823,-76,441,504
45.04742741584778,472,823,-76,441,504
45.073453426361084,472,823,-76,441,504
45.099464416503906,472,822,-76,441,504
45.12545990943909,472,823,-76,441,504
45.15148305892944,472,823,-76,441,504
45.177616596221924,472,823,-76,441,504
45.203590631484985,472,823,-75,441,504
45.22963762283325,472,823,-75,441,504
45.255531549453735,472,823,-76,441,504
45.28161096572876,472,823,-76,441,504
45.30741024017334,472,823,-76,441,504
45.33343243598938,472,823,-76,441,504
45.35931205749512,472,823,-76,441,504
45.38519310951233,472,823,-76,441,504
45.4113564491272,472,823,-76,441,504
45.43706130981445,472,823,-76,441,504
45.46306610107422,472,823,-76,441,504
45.48898959159851,472,823,-76,441,504
45.51493048667908,472,823,-76,441,504
45.54082179069519,472,823,-76,441,504
45.56677770614624,472,823,-76,441,504
45.592718839645386,472,823,-76,441,504
45.61878418922424,472,823,-76,441,504
45.644869804382324,472,823,-76,441,504
45.670774698257446,472,823,-76,441,504
45.696694135665894,472,823,-76,441,504
45.72283220291138,472,823,-76,441,504
45.748600006103516,472,823,-76,441,504
45.77456331253052,472,823,-76,441,504
45.80044746398926,472,823,-76,441,504
45.82635736465454,472,823,-76,441,504
45.85232400894165,472,823,-76,441,504
45.87821102142334,472,823,-76,441,504
45.90414023399353,472,823,-76,441,504
45.93036866188049,472,823,-76,440,504
45.956109046936035,472,823,-76,441,504
45.98225808143616,472,823,-76,441,504
46.008254289627075,472,823,-76,441,504
46.034122467041016,472,823,-76,441,504
46.060155391693115,472,823,-76,441,504
46.08606433868408,472,823,-76,441,504
46.11217021942139,472,823,-76,441,504
46.13809156417847,472,823,-76,441,504
46.16436147689819,472,823,-76,441,504
46.19035601615906,472,823,-76,441,504
46.21636915206909,472,823,-76,441,504
46.24248790740967,472,823,-75,441,504
46.26844573020935,472,822,-76,441,504
46.294583797454834,472,823,-76,441,504
46.32064747810364,472,823,-76,441,504
46.34666204452515,472,823,-76,441,504
46.37258839607239,472,823,-76,441,504
46.398983001708984,472,823,-76,441,504
46.424943685531616,472,823,-76,441,504
46.45119285583496,472,822,-76,441,504
46.47704839706421,472,823,-76,441,504
46.50343728065491,472,823,-76,441,504
46.52919864654541,472,823,-76,441,504
46.555402994155884,472,823,-76,441,504
46.58128237724304,472,823,-76,441,504
46.60769176483154,472,823,-76,441,504
46.633941411972046,472,823,-76,441,504
46.660179138183594,472,823,-76,441,504
46.686158418655396,472,823,-76,441,504
46.712377071380615,472,823,-76,440,504
46.73834729194641,472,823,-76,441,504
46.76436710357666,472,823,-76,441,504
46.790693044662476,472,823,-76,441,504
46.81675696372986,472,823,-76,441,504
46.842957735061646,472,822,-76,441,504
46.868571281433105,472,823,-76,441,504
46.89449501037598,472,823,-76,441,504
46.920448303222656,472,823,-76,441,504
46.94627070426941,472,824,-75,441,504
46.97224020957947,472,823,-76,441,504
46.99819493293762,472,823,-76,441,504
47.024104595184326,472,823,-76,441,504
47.05014181137085,472,823,-75,441,504
47.07619595527649,472,823,-76,441,504
47.1024055480957,472,823,-76,441,504
47.12841558456421,472,823,-76,441,504
47.15450143814087,472,823,-76,441,504
47.18060636520386,472,823,-76,441,504
47.206892013549805,472,823,-76,441,504
47.232884645462036,472,823,-76,441,504
47.25903654098511,472,823,-76,441,504
47.28527092933655,472,823,-76,441,504
47.31120824813843,472,823,-76,441,504
47.33733105659485,472,823,-76,440,504
47.36320519447327,472,823,-76,441,504
47.38915252685547,472,823,-76,441,504
47.415350675582886,472,823,-76,441,504
47.441306352615356,472,823,-76,441,504
47.46736454963684,472,823,-76,441,504
47.49347400665283,472,823,-76,441,504
47.51953172683716,472,823,-76,441,504
47.54557967185974,472,823,-76,441,504
47.57178044319153,472,823,-76,440,504
47.59789228439331,472,822,-76,441,504
47.62414836883545,472,823,-76,441,504
47.64998650550842,472,823,-75,441,504
47.67611122131348,472,823,-76,441,504
47.7020628452301,472,823,-76,441,504
47.728270292282104,472,823,-76,441,504
47.75418186187744,472,823,-76,441,504
47.7803521156311,472,823,-76,441,504
47.80634641647339,472,823,-76,441,504
47.83261466026306,472,822,-76,441,504
47.858453035354614,472,823,-76,441,504
47.88450789451599,472,822,-76,441,504
47.9105179309845,472,823,-76,441,504
47.936535358428955,472,823,-76,441,504
47.962454080581665,472,823,-76,441,504
47.98851680755615,472,823,-75,441,504
48.01447629928589,472,823,-76,441,504
48.040485858917236,472,823,-76,441,504
48.06652593612671,472,823,-76,441,504
48.092479944229126,472,823,-76,441,504
48.11852669715881,472,823,-75,441,504
48.14473915100098,472,823,-76,441,504
48.1705436706543,472,823,-76,441,504
48.19663047790527,472,823,-76,441,504
48.222585916519165,472,823,-75,441,504
48.24845027923584,472,823,-76,441,504
48.274493932724,472,823,-76,441,504
48.30042290687561,472,823,-76,441,504
48.32636618614197,472,823,-76,441,504
48.35275936126709,472,823,-76,441,504
48.37846088409424,472,823,-76,441,504
48.404834508895874,472,823,-76,441,504
48.43101930618286,472,823,-76,441,504
48.457319021224976,472,823,-76,441,504
48.48335814476013,472,823,-76,441,504
48.50918483734131,472,822,-76,441,504
48.535178899765015,472,822,-75,441,504
48.56135678291321,472,823,-76,441,504
48.587366819381714,472,823,-76,441,504
48.6133017539978,472,823,-75,441,504
48.63945913314819,472,823,-76,441,504
48.66555619239807,472,823,-76,441,504
48.691436767578125,472,822,-76,441,504
48.717390298843384,472,823,-76,441,504
48.7433807849884,472,823,-76,441,504
48.771390199661255,472,823,-76,441,504
48.79751229286194,472,823,-76,441,504
48.82346200942993,472,823,-76,441,504
48.84958624839783,472,823,-76,441,504
48.87553596496582,472,823,-76,441,504
48.90149283409119,472,823,-75,441,504
48.92772650718689,472,823,-75,441,504
48.953500270843506,472,823,-76,441,504
48.97947645187378,472,823,-76,441,504
49.005675077438354,472,823,-76,441,504
49.03158187866211,472,823,-76,441,504
49.057435512542725,472,823,-76,441,504
49.08368277549744,472,823,-76,441,504
49.10938811302185,472,823,-76,441,504
49.135448932647705,472,823,-76,441,504
49.16150522232056,472,823,-76,441,504
49.187347173690796,472,823,-76,441,504
49.21340751647949,472,823,-76,441,504
49.23946928977966,472,823,-76,441,504
49.26557898521423,472,823,-76,441,504
49.29188394546509,472,823,-76,441,504
49.31798505783081,472,823,-76,441,504
49.34394836425781,472,823,-76,441,504
49.36989784240723,472,823,-76,441,504
49.39571142196655,472,823,-76,441,504
49.42180299758911,472,823,-76,441,504
49.447853565216064,472,823,-76,440,504
49.47374725341797,472,823,-76,441,504
49.499826192855835,472,823,-76,441,504
49.525811433792114,472,823,-76,441,504
49.55192685127258,472,823,-76,441,504
49.57782316207886,472,823,-76,441,504
49.60383367538452,472,823,-76,441,504
49.63009548187256,472,823,-76,441,504
49.65610647201538,472,823,-75,441,504
49.681957483291626,472,823,-76,441,504
49.70787167549133,472,823,-76,441,504
49.73400950431824,472,823,-76,441,504
49.75990700721741,472,823,-76,441,504
49.78594970703125,472,823,-76,441,504
49.811806440353394,472,823,-76,441,504
49.83764982223511,472,823,-76,441,504
49.8636634349823,472,823,-76,441,504
49.88955068588257,472,823,-76,441,504
49.91550421714783,472,823,-76,441,504
49.94156527519226,472,823,-76,440,504
49.96730351448059,472,823,-76,441,504
49.99322748184204,472,823,-76,441,504
50.01924705505371,472,823,-76,441,504
50.045108795166016,472,823,-76,441,504
50.07112431526184,472,823,-76,441,504
50.09709906578064,472,823,-76,441,504
50.12306213378906,472,823,-76,441,504
